Player,Team,GP,MPG,TS%,AST,TO,USG,ORR,DRR,REBR,PER,VA,EWA
James Harden, HOU,72,35.4,0.619,23.2,11.6,35.9,1.8,15.2,8.6,29.87,718.5,23.9
Anthony Davis, NO,75,36.4,0.612,8.4,7.9,27.7,7.7,24.8,16.5,28.98,711.4,23.7
LeBron James, CLE,82,36.9,0.621,25.7,11.9,31.7,3.7,22.3,13.1,28.65,819.5,27.3
Stephen Curry, GS,51,32,0.675,21.2,10.5,30,2.7,14.4,9,28.32,421.7,14.1
Giannis Antetokounmpo, MIL,75,36.7,0.598,15.9,9.8,29.8,6.7,25.3,16,27.37,652.7,21.8
Kevin Durant, GS,68,34.2,0.64,18.6,10.5,29.1,1.6,19.5,11.2,26.05,539.7,18
Damian Lillard, POR,73,36.6,0.594,20.6,8.8,30.5,2.6,10.6,6.6,25.19,565.4,18.8
LaMarcus Aldridge, SA,75,33.5,0.57,8.5,6.2,27.5,10.8,17.3,14,25.12,510.2,17
Kyrie Irving, BOS,60,32.2,0.61,18.6,8.5,30.3,1.9,10.8,6.4,25.03,404.4,13.5
Karl-Anthony Towns, MIN,82,35.6,0.646,11.7,9.3,21.9,9.3,30.9,20,24.99,626.6,20.9
Russell Westbrook, OKC,80,36.4,0.524,26.1,12.1,35.7,5.6,25.7,15.3,24.8,600,20
Montrezl Harrell, LAC,76,17,0.647,9.4,8.6,22.5,8.9,17,13,24.73,255.4,8.5
Clint Capela, HOU,74,27.5,0.65,7.1,10.7,18,13.5,30.8,22.2,24.55,423.6,14.1
Nikola Jokic, DEN,75,32.5,0.603,25.2,11.6,24.9,9,27.9,18.5,24.52,507,16.9
Chris Paul, HOU,58,31.8,0.604,30.9,8.6,25.4,2.3,16.7,9.5,24.39,369.2,12.3
Hassan Whiteside, MIA,54,25.3,0.573,6.7,11.4,22.9,14.3,36.6,25.4,24.18,276.5,9.2
Enes Kanter, NY,71,25.8,0.63,10.3,12,20.9,16.6,30.6,23.6,24.02,366.6,12.2
Jimmy Butler, MIN,59,36.7,0.59,19.1,7.2,24.6,4.2,12.7,8.4,23.7,426.4,14.2
Victor Oladipo, IND,75,34,0.577,15.8,10.7,29.1,2.1,15.1,8.6,23.12,480.7,16
Joel Embiid, PHI,63,30.3,0.573,11.7,13.8,31.8,8.4,29.7,19.4,22.95,352.5,11.7
Andre Drummond, DET,78,33.7,0.555,15.9,13.4,20.6,16.4,36.4,26.2,22.94,483.5,16.1
DeMarcus Cousins, NO,48,36.2,0.583,16.7,15.8,30.5,6.8,30.9,19.2,22.66,312.5,10.4
Jonas Valanciunas, TOR,77,22.4,0.628,8.3,11.8,21.3,12.1,30.3,21.4,22.52,307.3,10.2
Kevin Love, CLE,59,28,0.614,9.9,8.7,23.4,7,29.8,18.6,22.44,291.8,9.7
JaVale McGee, GS,65,9.5,0.641,10.9,8.9,17.8,11.5,18.7,15.4,22.39,108.2,3.6
Greg Monroe, BOS/MIL/PHX,51,20.4,0.598,17.6,14.5,24.2,0,0,0,21.24,165.2,5.5
Tyreke Evans, MEM,52,30.9,0.561,20.9,9.1,28.2,3.1,16.3,9.5,21.16,255.6,8.5
Trey Burke, NY,36,21.8,0.563,27.3,6.9,26,1.8,8.2,5,21.11,118.5,3.9
DeMar DeRozan, TOR,80,33.9,0.555,18.5,7.8,29,2.5,10.4,6.5,21.1,429,14.3
David West, GS,73,13.7,0.6,21.9,12.7,21.1,7.7,18.2,13.3,21.01,141.8,4.7
Rudy Gobert, UTAH,56,32.4,0.657,10.5,14,15.9,10.4,27,18.8,20.71,274.1,9.1
Steven Adams, OKC,76,32.7,0.63,8.4,12.1,16,16.6,13.9,15.3,20.69,374.5,12.5
Kemba Walker, CHA,80,34.2,0.572,20.5,8.2,27.1,1.2,8.7,4.9,20.62,392.9,13.1
Dwight Howard, CHA,81,30.4,0.577,7.1,14.1,22.7,11,33.8,22.2,20.56,366.1,12.2
Kristaps Porzingis, NY,48,32.4,0.539,4.9,8,29,4.4,18.1,11.3,20.42,206.9,6.9
Lou Williams, LAC,79,32.8,0.574,18.9,10.6,29.3,1.7,6.6,4.2,20.29,378.3,12.6
Larry Nance Jr., CLE/LAL,66,21.5,0.605,13.5,8.4,16,12.4,22,17.2,20.18,184.2,6.1
DeAndre Jordan, LAC,77,31.5,0.648,12.1,14.1,14.5,15.1,37.6,26.5,20.17,346.3,11.5
Ben Simmons, PHI,81,33.7,0.557,31.7,13.3,23.5,5.9,19.5,13,20.03,368.4,12.3
Kyle O'Quinn, NY,77,18,0.625,22.6,14.3,17.2,9.7,27.8,18.8,20.01,194.6,6.5
Julius Randle, LAL,82,26.7,0.606,13.9,14.1,24.3,8.9,22.8,15.9,19.96,276.5,9.2
Eric Bledsoe, MIL/PHX,74,31.4,0.582,21.6,12.6,25.5,2.6,11.7,7.1,19.79,304.8,10.2
Nikola Vucevic, ORL,57,29.5,0.533,16.2,9.2,24.9,6.6,27.8,17.1,19.79,230.8,7.7
Bobby Portis, CHI,73,22.5,0.548,11.1,9.3,24.7,10,23,16.3,19.78,202.9,6.8
Blake Griffin, DET/LAC,58,34,0.544,20.4,10.1,28.5,4.1,19.9,12,19.65,239.8,8
Kyle Lowry, TOR,78,32.2,0.598,30.2,10.3,22.6,3,16.1,9.7,19.53,319.4,10.6
Alex Len, PHX,69,20.2,0.612,12.8,12.2,16.3,13.2,26.7,19.8,19.37,182.6,6.1
Jusuf Nurkic, POR,79,26.4,0.528,10.2,13.1,25.1,10,26.9,18.5,19.28,270.3,9
John Wall, WSH,41,34.4,0.515,29.7,11.9,30.3,1.8,10.2,6,19.2,172.5,5.8
Pau Gasol, SA,77,23.5,0.539,22.3,10.1,20.5,7.8,30.2,19,18.98,226.5,7.6
Darren Collison, IND,69,29.2,0.61,31.9,7.4,18.3,2.1,7.8,5,18.86,236.8,7.9
Dwight Powell, DAL,79,21.2,0.656,13.8,8.9,14.7,8.7,21.3,14.7,18.82,205.2,6.8
Derrick Favors, UTAH,77,28,0.593,10.3,8.9,17.4,10.6,18.5,14.6,18.82,235.2,7.8
Nikola Mirotic, NO/CHI,55,27.2,0.577,9,7,20.1,4.3,24.9,14.6,18.72,161.1,5.4
Paul George, OKC,79,36.6,0.57,13.2,10.6,25.3,2.7,14.9,8.6,18.71,354,11.8
Bradley Beal, WSH,82,36.3,0.564,16.7,9.6,26.8,2.3,11.5,6.9,18.51,355.7,11.9
Otto Porter Jr., WSH,77,31.6,0.602,13.4,6.4,17.7,4.8,18.1,11.4,18.37,285.6,9.5
John Collins, ATL,74,24.1,0.62,11.8,12.7,17,11,22.8,16.9,18.33,181.8,6.1
Devin Booker, PHX,54,34.5,0.561,15.4,11.8,30.7,1.5,12.7,7,18.12,212,7.1
Rudy Gay, SA,57,21.6,0.545,9.7,10.4,23.4,6.8,19.5,13.1,18.03,138.3,4.6
Jordan Bell, GS,57,14.2,0.641,28.5,14.3,14,8.9,19,14.3,18,89.3,3
Trey Lyles, DEN,73,19.1,0.591,11.9,8,20.4,4.5,23.5,14,17.95,134,4.5
Michael Beasley, NY,74,22.3,0.556,10.8,12.5,25.8,6.5,21.2,13.9,17.89,182.4,6.1
Jrue Holiday, NO,81,36.1,0.57,23.7,10.4,22.8,2.4,10.8,6.8,17.87,300,10
J.J. Barea, DAL,69,23.2,0.545,33.1,10.9,26,1,13.4,7,17.84,163.5,5.5
Kelly Olynyk, MIA,76,23.4,0.612,19.4,13.8,21.3,5.6,21.6,13.6,17.82,167.8,5.6
Salah Mejri, DAL,61,12,0.644,14.6,16.2,12.1,12.5,25.4,18.7,17.81,78.5,2.6
T.J. Warren, PHX,65,33,0.541,6.3,6.2,23.3,6.1,10.5,8.3,17.71,230.5,7.7
Al Horford, BOS,72,31.6,0.575,26.6,10.3,18.7,5,20.3,12.8,17.63,208.4,6.9
Willie Cauley-Stein, SAC,73,28,0.529,14.8,9.4,21,7,22,14.2,17.61,213.8,7.1
Domantas Sabonis, IND,74,24.5,0.567,14.4,13.1,21.2,10.4,25.2,17.8,17.57,188.6,6.3
Kosta Koufos, SAC,71,19.6,0.566,15.6,8.8,14.7,11.7,27.6,19.3,17.56,144.6,4.8
Jarrett Allen, BKN,72,20,0.636,8.3,13.8,15.3,10.5,18.1,14.3,17.56,149.7,5
Jakob Poeltl, TOR,82,18.6,0.662,10,14.9,14,12.4,16.4,14.4,17.55,158.1,5.3
Richaun Holmes, PHI,48,15.5,0.585,17.3,7.1,16.2,8.6,21.4,15.2,17.47,66.5,2.2
Khris Middleton, MIL,82,36.4,0.577,16.8,9.8,23.5,1.8,15,8.4,17.45,309.4,10.3
Marc Gasol, MEM,73,33,0.532,18.2,11.5,25.1,3.7,25.3,14.2,17.42,244.9,8.2
Zach Randolph, SAC,59,25.6,0.529,12.1,11,26.4,7,23.7,15,17.41,133,4.4
Dennis Schroder, ATL,67,31,0.515,22.4,9.8,30.2,2.4,8.8,5.6,17.41,198.7,6.6
Tobias Harris, DET/LAC,80,33.4,0.565,11.9,6.5,22,2.4,15.8,9,17.2,266.8,8.9
Jabari Parker, MIL,31,24,0.55,12.8,9.8,22.9,6.6,17.1,11.9,17.19,63.1,2.1
Jeremy Lamb, CHA,80,24.6,0.559,15.5,7.7,21.7,2.7,15.4,8.9,17.08,193.1,6.4
Paul Millsap, DEN,38,30.1,0.549,15.4,10.7,21.6,6.4,17.6,12.1,17.06,95,3.2
Cheick Diallo, NO,52,11.2,0.619,7.5,11.1,16,9.1,29.6,19.7,17.05,48.1,1.6
Zaza Pachulia, GS,69,14.1,0.612,22.4,14.8,16.6,11,25,18.5,17,92.9,3.1
CJ McCollum, POR,81,36.1,0.536,13.3,7.4,25.6,2,9.9,6,17,283.7,9.5
Mason Plumlee, DEN,74,19.5,0.586,20.6,14.8,16.6,10.4,20.8,15.6,17,137.5,4.6
Rondae Hollis-Jefferson, BKN,68,28.3,0.548,14.5,10.5,21.3,5.5,20,12.7,16.9,183.6,6.1
Dirk Nowitzki, DAL,77,24.7,0.575,12.3,5.2,19.3,1.2,25.2,12.8,16.76,174.7,5.8
Donovan Mitchell, UTAH,79,33.4,0.541,14.6,10.8,27.9,2.3,10.4,6.4,16.74,245.8,8.2
Deyonta Davis, MEM,62,15.2,0.621,11,8.8,14.6,9,22,15.3,16.69,85.7,2.9
Myles Turner, IND,65,28.2,0.567,9.5,10.5,18.9,5.8,19.8,12.8,16.65,165.7,5.5
Ivan Rabb, MEM,36,14.3,0.599,13.6,14.9,16.9,11.6,24.1,17.7,16.64,39.6,1.3
Goran Dragic, MIA,75,31.7,0.543,20.9,9.7,25.4,2.5,11.9,7.2,16.64,200,6.7
Gary Harris, DEN,67,34.4,0.597,15,9.2,20.3,1.8,6.8,4.3,16.6,209.9,7
Elfrid Payton, ORL/PHX,63,28.7,0.538,30.2,12.9,22.6,3.8,12.8,8.3,16.6,151,5
Brook Lopez, LAL,74,23.4,0.557,11.6,9,22.4,4.6,13.4,9,16.52,153.4,5.1
Joffrey Lauvergne, SA,55,9.7,0.536,14.4,11.6,19.8,13,22.6,17.8,16.52,47.2,1.6
Aaron Gordon, ORL,58,32.9,0.53,11.3,8.9,23.2,5,21.5,13.2,16.51,142.8,4.8
Jordan Clarkson, CLE/LAL,81,23.3,0.542,16,9.2,22.7,3.3,9.1,6.2,16.5,155,5.2
Delon Wright, TOR,69,20.8,0.574,26.3,10.2,17.5,3.6,11.7,7.7,16.49,117.3,3.9
Nene Hilario, HOU,52,14.6,0.594,12.2,10.3,17.9,8.1,18,13.1,16.47,66.4,2.2
Jeff Teague, MIN,70,33,0.553,31.4,11.3,21.7,1.2,9.3,5.2,16.44,187.5,6.2
Khem Birch, ORL,42,13.8,0.582,16.4,10.1,12.7,13.2,21.1,17.1,16.43,50.3,1.7
Will Barton, DEN,81,33.1,0.562,20.6,9.3,20.8,3,14.2,8.6,16.21,228.8,7.6
Jerami Grant, OKC,81,20.3,0.607,8.5,8,15.5,5.6,16.2,10.7,16.19,139.9,4.7
Jamal Murray, DEN,81,31.7,0.576,16.9,10.6,22.5,3.6,9.4,6.5,16.17,197.9,6.6
Daniel Theis, BOS,63,14.8,0.616,14.7,14.7,14.9,10.7,21.2,16,16.16,65,2.2
Klay Thompson, GS,73,34.3,0.598,12.1,8.3,22,1.5,10.3,6.2,16.15,211.4,7
Buddy Hield, SAC,80,25.3,0.557,12.4,9.9,23.2,3,14.8,8.6,16.13,170.2,5.7
Draymond Green, GS,70,32.7,0.556,36.2,14.4,18.2,3.9,21.1,13.1,16.1,156.9,5.2
Tyler Zeller, MIL/BKN,66,16.8,0.598,10.2,10.2,13.1,10.9,19.4,15.1,16.01,89.5,3
Reggie Jackson, DET,45,26.7,0.516,24.5,10.2,27.4,2.6,9,5.7,15.96,89,3
Cody Zeller, CHA,33,19,0.602,12,12.8,15,11.4,19.3,15.3,15.96,50.1,1.7
JJ Redick, PHI,70,30.2,0.614,16.3,8,21.1,0.5,8.3,4.5,15.92,171.3,5.7
Kyle Anderson, SA,74,26.7,0.582,25.3,11.8,13.8,4.7,17.6,11.1,15.91,159.8,5.3
Fred VanVleet, TOR,76,20,0.556,26.8,8.2,19.5,1.9,11.5,6.8,15.9,111.2,3.7
Harrison Barnes, DAL,77,34.2,0.539,9.4,7.3,23.5,3.1,17.1,9.9,15.89,212.1,7.1
Spencer Dinwiddie, BKN,80,28.8,0.527,32.6,8,21.5,1.8,10.2,6,15.89,168.1,5.6
Dario Saric, PHI,78,29.6,0.582,15.2,11.1,20.2,7.5,16.4,12.1,15.88,151,5
Thabo Sefolosha, UTAH,38,21.2,0.591,10.1,9.2,15.4,4.1,18.4,11.3,15.86,64.5,2.2
Dewayne Dedmon, ATL,62,24.9,0.599,13,12.4,16.2,7.2,28.1,17.7,15.85,120.8,4
James Johnson, MIA,73,26.6,0.575,25.3,12.8,19.3,3.5,17.2,10.3,15.82,125.3,4.2
John Henson, MIL,76,25.9,0.582,14.8,10.9,14.2,9,21.5,15.3,15.78,152.3,5.1
Bam Adebayo, MIA,69,19.8,0.57,17.2,11.3,15.4,9.7,21.6,15.6,15.74,104.9,3.5
Lauri Markkanen, CHI,68,29.7,0.552,7.2,7.6,20.5,4,23.7,13.5,15.68,126,4.2
Evan Fournier, ORL,57,32.2,0.577,14.5,8.3,22.2,1.4,9.5,5.4,15.61,140.1,4.7
Omri Casspi, GS,53,14,0.632,15.7,11.4,15.4,4.9,24,15.1,15.56,0,0
Ed Davis, POR,78,18.9,0.607,9,14.8,11.5,13.7,28.8,21.3,15.55,88.8,3
Ish Smith, DET,82,24.9,0.525,27.3,8.2,21.4,1.4,10.9,6.1,15.5,137.1,4.6
Taj Gibson, MIN,82,33.3,0.61,9.8,8.8,14,8.1,16.7,12.3,15.45,160.9,5.4
Ricky Rubio, UTAH,77,29.3,0.537,26.4,13.3,23.2,2.2,15.3,8.8,15.43,148.9,5
D.J. Augustin, ORL,75,23.5,0.615,27.8,11.9,19,1.9,8.2,5,15.4,115.6,3.9
Tomas Satoransky, WSH,73,22.5,0.615,36,10.4,14.8,5,11.1,8,15.35,119,4
D'Angelo Russell, BKN,48,25.7,0.509,22.1,13.1,30.6,2.6,13.8,8.1,15.31,79.3,2.6
Jayson Tatum, BOS,80,30.5,0.586,10.8,9.6,18.3,2.3,15.6,9,15.29,174.5,5.8
Rajon Rondo, NO,65,26.2,0.522,44.5,12.6,19.2,2,14.3,8.4,15.28,108.9,3.6
Eric Gordon, HOU,69,31.2,0.578,11.3,9.6,23.3,1.3,7.5,4.4,15.22,151.8,5.1
Ekpe Udoh, UTAH,63,12.9,0.56,24.4,9.2,9.2,9.6,11.4,10.5,15.19,55.5,1.9
Terry Rozier, BOS,80,25.9,0.52,19.7,6.8,20.1,3.4,16.3,9.9,15.12,127.2,4.2
Dejounte Murray, SA,81,21.5,0.485,22.2,12.9,20.8,7,22.4,14.6,15.09,106.5,3.6
Dwyane Wade, CLE/MIA,67,22.9,0.5,20.1,12.4,23.8,3.7,14.6,9.2,15.09,105.1,3.5
Ersan Ilyasova, ATL/PHI,69,25.1,0.558,10.8,8.6,16.9,7.6,18.1,12.9,14.94,88.8,3
Trevor Booker, IND/BKN/PHI,68,17,0.557,15.6,11.2,15.6,0,0,0,14.91,58.9,2
Amir Johnson, PHI,74,15.8,0.575,25.1,11.7,13,11.8,18.4,15.2,14.9,75.1,2.5
Thaddeus Young, IND,81,32.2,0.528,13.1,9,16.5,8,14.1,11.1,14.83,129.7,4.3
Kevon Looney, GS,66,13.8,0.588,14,10.3,11.7,11,15.2,13.2,14.82,58.6,2
Jeff Green, CLE,78,23.4,0.587,11.1,8.4,18,3.7,11.2,7.5,14.8,117.3,3.9
Robin Lopez, CHI,64,26.4,0.552,13.5,11.7,19.6,8.2,10.3,9.2,14.77,105.2,3.5
Serge Ibaka, TOR,76,27.5,0.574,6.3,9.1,18,4.3,21,12.8,14.72,100.6,3.4
Marcin Gortat, WSH,82,25.3,0.546,17.1,11.2,15.2,9.9,24,17,14.7,127,4.2
Gorgui Dieng, MIN,79,16.9,0.543,12.6,10.5,15.7,9.1,22.2,15.6,14.69,81.4,2.7
Zach LaVine, CHI,24,27.3,0.499,13.9,8.3,28.4,1.4,14.4,7.7,14.65,35.8,1.2
Kris Dunn, CHI,52,29.3,0.488,26.4,12.8,25.2,1.6,14.4,7.8,14.58,81.6,2.7
Marcus Morris, BOS,54,26.7,0.541,8.8,8,21.6,3.3,18.4,11,14.57,66,2.2
Pascal Siakam, TOR,81,20.7,0.549,20.9,8.8,15.6,5.4,18.6,12.1,14.54,76.2,2.5
Kent Bazemore, ATL,65,27.5,0.547,19.8,13.7,22.1,1.6,13.9,7.7,14.51,107,3.6
Tim Hardaway Jr., NY,57,33.1,0.533,13.1,7.8,23,1.9,11.3,6.6,14.48,112.1,3.7
Nicolas Batum, CHA,64,31,0.523,29.4,11,19.1,3.1,13.8,8.4,14.45,116.8,3.9
Frank Kaminsky, CHA,79,23.2,0.545,12.9,6.6,19.7,2.7,14.5,8.5,14.42,79.9,2.7
Joe Ingles, UTAH,82,31.5,0.623,30,12.2,16.5,1.1,13.9,7.6,14.42,150.8,5
Mike Muscala, ATL,53,20,0.597,11.8,9.7,14.9,5.9,18.3,12.1,14.39,45.7,1.5
Rodney Hood, CLE/UTAH,60,26.9,0.546,9.8,7.2,17.2,1.6,9.9,5.8,14.38,93.6,3.1
Skal Labissiere, SAC,60,20.7,0.513,11,11.1,20.1,8.7,18.1,13.2,14.33,52.5,1.7
DeMarre Carroll, BKN,73,29.9,0.55,12.9,9,18.9,5.1,18.4,11.7,14.31,124,4.1
Malcolm Brogdon, MIL,48,29.9,0.578,20,8.7,18.5,1.9,10.8,6.4,14.31,70.9,2.4
Jerian Grant, CHI,74,22.8,0.528,33.6,8.8,18.6,1.9,9.3,5.4,14.3,83.1,2.8
Caris LeVert, BKN,71,26.3,0.525,23.6,12.1,22.6,3,11.9,7.4,14.3,105.7,3.5
Tarik Black, HOU,51,10.5,0.582,6.4,17.3,14.4,13.3,20.8,17.1,14.29,22.3,0.7
Tyson Chandler, PHX,46,25,0.658,15.6,17.4,10.3,12.2,26.8,19.4,14.26,62.9,2.1
Kyle Kuzma, LAL,77,31.2,0.549,10,9.9,21.3,3.9,17.4,10.7,14.22,97.3,3.2
Marco Belinelli, ATL/PHI,80,24.3,0.581,13.7,8.7,20.3,1.1,7.3,4.3,14.2,107.4,3.6
Shabazz Napier, POR,74,20.7,0.544,18,10.8,19.2,1.9,10.1,6,14.18,72.9,2.4
Bismack Biyombo, ORL,82,18.2,0.556,11.6,14.7,14,10.5,24,17.2,14.15,79.2,2.6
Davis Bertans, SA,77,14.1,0.588,14.9,7.2,16.9,1.8,13.9,7.8,14.13,57.2,1.9
Gerald Green, HOU,41,22.7,0.566,5,6.3,20.6,1.8,14.2,8.1,14.1,50,1.7
Tyus Jones, MIN,82,17.9,0.572,35.4,9,13.8,1.2,9.2,5.2,14.1,67.8,2.3
Cameron Payne, CHI,25,23.3,0.498,30.5,9.7,20.2,3.2,9.8,6.4,14.04,26.4,0.9
JaMychal Green, MEM,55,28,0.53,11.4,11,17,10.8,24.4,17.4,14,57.5,1.9
Eric Moreland, DET,67,12,0.531,30.7,16.2,10.1,10.9,27.6,19.1,13.99,29.9,1
Bojan Bogdanovic, IND,80,30.8,0.605,10.2,9.1,17.9,1.4,10.9,6.2,13.98,128.1,4.3
Danilo Gallinari, LAC,21,32,0.545,11.3,7.2,19.6,1.5,14.9,8.3,13.96,34.6,1.2
Mike James, NO/PHX,36,19.1,0.469,23.6,9.2,25.8,2,12.2,7,13.94,0,0
Marvin Williams, CHA,78,25.7,0.603,12.3,8.5,14.1,3.9,16.3,10,13.9,71.8,2.4
Brandon Ingram, LAL,59,33.5,0.536,18.2,11.8,21.8,3.1,13.8,8.5,13.9,100.1,3.3
Anthony Tolliver, DET,79,22.2,0.663,13.3,8.5,14.2,3.1,12.3,7.6,13.89,62.7,2.1
Marreese Speights, ORL,52,13,0.539,8.8,8.8,25.1,3.4,18.4,10.8,13.76,22.7,0.8
Mario Hezonja, ORL,75,22.1,0.544,12.4,10.1,18.8,2.7,16.1,9.3,13.73,79.9,2.7
Mike Scott, WSH,76,18.5,0.599,11.2,11,19,4,15.8,9.9,13.72,46.7,1.6
Jaylen Brown, BOS,70,30.7,0.562,10,10.8,20.1,3.4,14,8.8,13.69,102.4,3.4
Chandler Parsons, MEM,36,19.2,0.578,19.7,10,18,2.3,13,7.5,13.67,32.7,1.1
Tristan Thompson, CLE,53,20.2,0.569,9.7,10.6,11.8,13.4,23.3,18.4,13.66,49,1.6
Reggie Bullock, DET,62,27.9,0.615,13.4,6.6,15.1,1.7,8.3,4.9,13.66,81.7,2.7
Josh Richardson, MIA,81,33.2,0.551,17.5,10.6,17.6,2.9,9,5.9,13.6,124.3,4.1
Bogdan Bogdanovic, SAC,78,27.9,0.556,21.4,10.4,19.5,1.6,10.5,5.8,13.51,97.6,3.3
Maximilian Kleber, DAL,72,16.8,0.576,12.3,7.2,12.9,6.3,15.6,10.8,13.45,35.1,1.2
Kyle Korver, CLE,73,21.6,0.652,13.4,8.4,15.2,0.7,10.9,5.9,13.41,68.3,2.3
Joe Harris, BKN,78,25.3,0.634,14.5,10.3,16,2.7,11.3,7,13.39,85.2,2.8
Shelvin Mack, ORL,69,19.8,0.518,33.3,10.9,18.5,1.8,11.6,6.7,13.35,47.9,1.6
George Hill, CLE/SAC,67,27,0.58,21.9,10.4,15.2,2.6,8.9,5.7,13.35,63.4,2.1
Markieff Morris, WSH,73,27,0.566,14,12.5,18.8,4.3,19.2,11.8,13.3,52.8,1.8
Jonas Jerebko, UTAH,74,15.3,0.586,9.7,6.2,14.6,5.4,19.1,12.3,13.25,29.7,1
Kentavious Caldwell-Pope, LAL,74,33.2,0.561,14.2,8.5,16.3,2.6,14.1,8.4,13.22,99.7,3.3
Channing Frye, CLE/LAL,53,13.1,0.599,13.6,7.5,14.7,1.9,19.4,10.8,13.16,17.2,0.6
Alec Burks, UTAH,64,16.5,0.527,11.3,10.1,21.2,2.1,18.4,10.3,13.13,41.6,1.4
Raymond Felton, OKC,82,16.6,0.495,23.9,8.9,21,2,11,6.3,13.11,43,1.4
Andrew Wiggins, MIN,82,36.3,0.505,9.2,7.9,22.2,3.1,10.8,6.9,13.1,115.8,3.9
Tyler Cavanaugh, ATL,39,13.3,0.567,13.4,6.5,14,9.7,17.6,13.7,13.09,12.3,0.4
Devin Harris, DAL/DEN,71,18.9,0.563,20.1,10,20.8,1,9.8,5.3,13.08,41.6,1.4
CJ Miles, TOR,70,19.1,0.545,7.5,5.3,20.9,1.5,11,6.4,13.08,51.4,1.7
Tyler Johnson, MIA,72,28.5,0.549,16.3,8,17.9,1.9,11.7,6.8,13.07,78.6,2.6
Courtney Lee, NY,76,30.4,0.564,16.8,7.8,16.6,1.4,9.3,5.4,13.06,88.4,2.9
Justin Anderson, PHI,38,13.7,0.54,9.6,6.2,18.3,5.4,13.6,9.6,13.06,19.9,0.7
Jamal Crawford, MIN,80,20.7,0.519,17.3,8.9,23.2,1.4,5.5,3.5,13.06,63.2,2.1
Frank Mason III, SAC,52,18.9,0.48,22.9,10.1,22.7,3.3,12.1,7.5,13.02,29.7,1
Robert Covington, PHI,80,31.6,0.563,13.2,10.7,16.5,2.4,15.5,9.2,12.98,93.5,3.1
Manu Ginobili, SA,65,20,0.553,20.7,13.3,21.5,1.6,10.6,6.1,12.95,47.4,1.6
Taurean Prince, ATL,82,30,0.549,14.7,13.1,21.2,2.3,15.3,8.8,12.9,88.3,2.9
Dennis Smith Jr., DAL,69,29.7,0.473,21.6,11.7,28.3,2.6,11.8,7,12.89,57.8,1.9
Quinn Cook, GS,33,22.4,0.593,23.2,8.3,17.2,1.6,10.2,6.2,12.88,20.8,0.7
Noah Vonleh, CHI/POR,54,16.2,0.509,10.5,9.6,17.2,8.6,30.2,19.2,12.85,17.7,0.6
Jonathon Simmons, ORL,69,29.4,0.555,14.4,12.3,20.9,3.3,9.7,6.5,12.8,69.6,2.3
Tony Parker, SA,55,19.5,0.498,28.5,9.9,21.3,0.7,9.2,4.9,12.8,28.7,1
Carmelo Anthony, OKC,78,32.1,0.503,7.1,6.8,22.3,2.9,17.7,10,12.78,47.7,1.6
Andrew Harrison, MEM,56,23.7,0.534,23.4,10.7,19.7,2,9.7,5.7,12.72,43.9,1.5
Isaiah Thomas, CLE/LAL,32,26.9,0.508,21.1,13.1,28.2,2.2,6.3,4.2,12.63,20.9,0.7
Nemanja Bjelica, MIN,67,20.5,0.581,16.3,9.8,13.9,4.4,18.8,11.5,12.62,22.8,0.8
Austin Rivers, LAC,61,33.7,0.526,19.7,8.9,20.4,1.5,6.2,3.9,12.6,49.2,1.6
Ryan Anderson, HOU,66,26.1,0.592,9.6,6.7,13.5,6.2,15.4,10.8,12.6,28.2,0.9
Maurice Harkless, POR,59,21.4,0.596,12.7,9.6,12.1,4,9.9,7,12.59,39.5,1.3
Wayne Ellington, MIA,77,26.5,0.588,9.1,6,16.2,1.3,10.7,6,12.54,62.2,2.1
Michael Kidd-Gilchrist, CHA,74,25,0.536,9.4,7,15.2,4.8,13,8.8,12.54,56.2,1.9
Lonzo Ball, LAL,52,34.2,0.444,34,12.3,18.7,4.2,17.3,10.8,12.53,40.6,1.4
Cristiano Felicio, CHI,55,17.8,0.614,15.3,15,13.1,8.8,17.1,12.8,12.53,28.1,0.9
T.J. McConnell, PHI,76,22.4,0.545,35.5,13.1,14.9,2.4,11.5,7.1,12.51,38.4,1.3
Lance Stephenson, IND,82,22.6,0.495,20.8,11.6,21.4,3.8,22,12.9,12.47,54.5,1.8
Jodie Meeks, WSH,77,14.5,0.548,12.7,6.7,18.2,1.5,11.2,6.4,12.44,32.4,1.1
Allen Crabbe, BKN,75,29.3,0.558,10.8,7.2,18,1.3,14.4,7.8,12.33,60.1,2
Langston Galloway, DET,58,14.9,0.503,13.4,4.1,18.5,1.6,10.3,5.9,12.27,22.9,0.8
David Nwaba, CHI,70,23.5,0.542,15,11.1,15,5.6,16,10.6,12.26,43.3,1.4
Ian Mahinmi, WSH,77,14.9,0.601,11.6,21.9,14.8,13.4,17.4,15.4,12.25,28.2,0.9
Josh Hart, LAL,63,23.2,0.596,14.7,8.7,13,3.1,16,9.6,12.25,38,1.3
Luke Kennard, DET,73,20,0.56,17.9,10,16.8,1.6,11.9,6.6,12.19,36.8,1.2
E'Twaun Moore, NO,82,31.5,0.593,16.2,8.9,15.4,2.5,7.3,5,12.18,64.8,2.2
Denzel Valentine, CHI,77,27.2,0.527,22.5,9.1,17.5,2.4,18.4,10.1,12.12,50.6,1.7
Aron Baynes, BOS,81,18.3,0.502,14.2,12.2,16.1,9.7,22.1,16,12.09,33.1,1.1
Al-Farouq Aminu, POR,69,30,0.522,10.8,10.1,14.1,5.2,22.3,13.8,12.02,16,0.5
Kelly Oubre Jr., WSH,81,27.5,0.534,9.1,8.3,18.3,3,15.4,9.2,11.99,49.5,1.6
Josh Jackson, PHX,77,25.4,0.48,9,11.1,24.6,5.1,14.2,9.6,11.91,41.1,1.4
Patty Mills, SA,82,25.7,0.558,21.4,9.9,17.8,1.4,6.8,4.1,11.89,27.8,0.9
Wayne Selden, MEM,35,19.7,0.551,15.9,13,22,2.6,6.9,4.7,11.86,14,0.5
Trevor Ariza, HOU,67,33.9,0.567,12.4,6.1,13.7,1.7,12.9,7.3,11.8,44,1.5
Milos Teodosic, LAC,45,25.2,0.564,30.5,14.1,19,1.6,10.5,6.1,11.67,11.4,0.4
James Ennis III, DET/MEM,72,22.3,0.588,12.6,10,15.1,5.1,11,8,11.66,27.7,0.9
Shaun Livingston, GS,71,15.9,0.533,24.7,10.2,16.4,3.4,9.2,6.5,11.64,10.8,0.4
Justise Winslow, MIA,68,24.7,0.496,19.5,10.1,16,4.3,20.5,12.4,11.56,26.6,0.9
Sam Dekker, LAC,73,12.1,0.534,10.7,9.3,14.7,5.6,16,10.8,11.56,13.9,0.5
Emmanuel Mudiay, DEN/NY,64,19.4,0.474,22.8,12.5,25.1,2.4,11.3,6.8,11.51,9.5,0.3
Jarrett Jack, NY,62,25,0.49,37.1,12.2,18.3,1.6,12.1,6.8,11.5,11.6,0.4
Wesley Matthews, DAL,63,33.8,0.541,17.3,8.3,16.9,1.4,9.2,5.2,11.49,31.3,1
Yogi Ferrell, DAL,82,27.8,0.54,19.1,7.4,16.5,1.2,11.3,6.1,11.48,16.3,0.5
Danny Green, SA,70,25.6,0.509,14.2,9.6,16,2.5,13,7.7,11.38,23.6,0.8
Tim Frazier, WSH,59,14.2,0.475,44.5,13.1,14.7,2.4,13.1,7.8,11.32,4,0.1
De'Aaron Fox, SAC,73,27.8,0.478,23.3,12.6,23.5,1.8,10,5.7,11.28,8.4,0.3
Jose Calderon, CLE,57,16,0.643,32.8,11.5,12.1,1.7,8.5,5.2,11.27,3.7,0.1
Andre Iguodala, GS,64,25.4,0.536,33.1,10.5,11.9,3.7,12.6,8.5,11.22,17.4,0.6
Corey Brewer, LAL/OKC,72,16.8,0.534,13.8,10.4,13.8,3.8,10.1,6.9,11.19,12.5,0.4
Tyler Ennis, LAL,54,12.6,0.473,27.6,10,17.6,3,11.8,7.4,11.14,1.5,0
Marquese Chriss, PHX,72,21.2,0.509,11.3,14.5,17.3,5.2,22.7,13.8,11.14,-8.2,-0.3
Cedi Osman, CLE,61,11,0.577,14.7,11.5,14.9,3.2,16.6,10,11.06,5.6,0.2
Cory Joseph, IND,82,27,0.503,26.2,8.8,15,2,11.4,6.7,10.99,-0.2,0
Wilson Chandler, DEN,74,31.6,0.542,17.1,9.9,14.2,4.9,14.2,9.6,10.99,17.2,0.6
Isaiah Taylor, ATL,67,17.4,0.492,27.8,11.3,20.5,2.1,6.9,4.5,10.94,-1,0
Andre Roberson, OKC,39,26.6,0.543,18.1,11.8,8.7,7.8,12.2,9.9,10.9,6.1,0.2
Michael Carter-Williams, CHA,52,16.1,0.446,26.6,11.9,17,4.7,13.3,8.9,10.84,-1.9,-0.1
Royce O'Neale, UTAH,69,16.7,0.54,20.3,11.8,14.3,2.5,20.6,11.7,10.84,5.8,0.2
Marcus Smart, BOS,54,29.9,0.48,26.9,13.4,19.8,3,9.7,6.4,10.83,-4.2,-0.1
Justin Holiday, CHI,72,31.5,0.513,13.9,8.5,17.5,1.4,12.8,6.9,10.81,10.6,0.4
Vince Carter, SAC,58,17.7,0.523,17.1,8.9,14.3,1.9,15.1,8.2,10.8,4.6,0.2
Malcolm Delaney, ATL,54,18.8,0.519,29.4,11.9,17.4,1,10,5.5,10.67,-5,-0.2
Miles Plumlee, ATL,55,16.7,0.574,14.3,20,12.3,9.4,18.3,13.9,10.67,1,0
Dion Waiters, MIA,30,30.6,0.487,18.1,11.2,24.3,1,8.5,4.7,10.59,1.3,0
Jarell Martin, MEM,73,22.8,0.516,10.3,12.2,16.2,6.6,15.8,11.1,10.52,-24.3,-0.8
Doug McDermott, DAL/NY,81,21.8,0.579,11.6,8.3,15.3,2.5,10.1,6.3,10.46,-1,0
Jae Crowder, CLE/UTAH,80,26.1,0.525,10.9,8.1,14.1,3.2,11.5,7.4,10.44,-33.1,-1.1
Mario Chalmers, MEM,66,21.5,0.503,24.1,14.3,19.8,1,12,6.4,10.39,-12.9,-0.4
Shane Larkin, BOS,54,14.4,0.491,26.8,9,15.7,2.1,10.7,6.5,10.36,-7.5,-0.2
Malik Monk, CHA,63,13.5,0.477,15.6,8.4,24.2,1,7.5,4.2,10.32,-2.3,-0.1
Luc Mbah a Moute, HOU,61,25.6,0.595,10.8,13.3,12.1,1.6,11.7,6.7,10.29,-28.2,-0.9
Garrett Temple, SAC,65,24.8,0.536,17.4,11.1,16,1.5,9.6,5.4,10.29,-5.2,-0.2
Thon Maker, MIL,74,16.7,0.499,10.3,9.8,13.6,7.1,14.2,10.6,10.22,-7.1,-0.2
Tyrone Wallace, LAC,30,28.4,0.517,17.8,11.5,16.3,2.7,10.7,6.8,10.18,-4.1,-0.1
Tyler Ulis, PHX,71,23.4,0.465,30.1,12.3,19.3,1.5,6.8,4.1,10.13,-21.6,-0.7
Joe Young, IND,53,10.5,0.521,14.8,9.9,17.3,2.4,10.3,6.4,10.12,-7.3,-0.2
Nick Young, GS,80,17.4,0.562,6.1,6.6,15.9,1.7,7.9,5,10.1,-8.2,-0.3
Tyler Dorsey, ATL,56,17.4,0.494,15,7,19.2,2,12.9,7.4,10.05,-6.5,-0.2
Patrick Patterson, OKC,82,15.5,0.555,15.2,8.8,10.7,2.7,14.6,8.4,10,-28.4,-0.9
Dante Cunningham, NO/BKN,73,21.4,0.539,10.3,7.1,9.2,5.5,14.8,10.3,10,-11.6,-0.4
OG Anunoby, TOR,74,20,0.587,11.6,9.5,11.8,3.4,10.4,7,10,-11.1,-0.4
Terrence Ross, ORL,24,25,0.505,13.9,10.6,16.4,1.8,11.6,6.7,9.96,-4.9,-0.2
Dillon Brooks, MEM,82,28.7,0.531,12.2,11.2,17.7,2.4,10.5,6.3,9.89,-21.4,-0.7
Evan Turner, POR,79,25.7,0.52,19.3,11,15.5,1.6,11.4,6.5,9.88,-18.9,-0.6
Luke Babbitt, ATL/MIA,50,14.3,0.576,11.3,6.9,14,1.1,13.9,7.5,9.87,-6.7,-0.2
Troy Daniels, PHX,79,20.5,0.583,6.8,7.9,16.2,0.8,7.7,4.2,9.86,-15.4,-0.5
Torrey Craig, DEN,39,16.1,0.535,12.7,10.1,11.6,7.2,15.5,11.4,9.86,-6,-0.2
Jonathan Isaac, ORL,27,19.8,0.465,9,13.4,14,3.3,17.2,10.2,9.85,-13.2,-0.4
Wesley Johnson, LAC,74,20.1,0.512,12,10.8,12.4,2.2,13.6,8,9.81,-15.3,-0.5
Ben McLemore, MEM,56,19.5,0.526,9.9,11.9,18,3.5,11.4,7.4,9.73,-12.6,-0.4
Avery Bradley, DET/LAC,46,31.2,0.496,11,11.8,23.2,1.7,7.4,4.5,9.71,-16.9,-0.6
C.J. Williams, LAC,38,18.6,0.512,16.1,7.5,13.3,1.9,6.8,4.4,9.56,-10,-0.3
Ian Clark, NO,74,19.6,0.529,16,8.3,16.4,0.8,8.4,4.7,9.45,-22.7,-0.8
Pat Connaughton, POR,82,18.1,0.539,16.7,7.9,13.1,2.7,9.1,5.9,9.35,-25.5,-0.8
Darius Miller, NO,82,23.7,0.617,16.2,8.5,12.2,1,7.9,4.6,9.32,-34.3,-1.1
Justin Jackson, SAC,68,22.1,0.521,13.5,7.3,13.6,2,12.6,7.1,9.25,-28.2,-0.9
Bryn Forbes, SA,80,19,0.525,12.4,5.7,16,0.9,7.2,4,9.19,-29.8,-1
Sterling Brown, MIL,54,14.4,0.503,9.4,9.4,13,4.1,17.5,10.8,9.13,-15.9,-0.5
Stanley Johnson, DET,69,27.4,0.48,13.8,9.5,15.8,1.9,13,7.3,9.08,-40.2,-1.3
Nik Stauskas, BKN/PHI,41,12.8,0.543,16.8,11.2,16.2,0.8,12.3,6.5,9.05,-11.3,-0.4
Alex Abrines, OKC,75,15.1,0.567,7.7,6.9,12.2,2.5,8.9,5.6,9.03,-24.8,-0.8
Malik Beasley, DEN,62,9.5,0.509,12.5,9.7,15.6,2.7,10.9,6.8,9.03,-12.8,-0.4
Treveon Graham, CHA,63,16.7,0.553,17.7,8.1,11.1,4.3,8.3,6.2,9,-23.5,-0.8
Jared Dudley, PHX,48,14.3,0.553,32,11.5,10.8,1.2,13.6,7.3,8.79,-17.5,-0.6
Alex Caruso, LAL,37,15.2,0.519,30.5,17.1,13.5,2.9,9.4,6.2,8.72,-15,-0.5
Matthew Dellavedova, MIL,38,18.7,0.5,40.5,13.7,14.8,2.3,8.2,5.3,8.64,-25.1,-0.8
Norman Powell, TOR,70,15.2,0.492,16.3,12.1,18.3,1.5,10.9,6.3,8.57,-30.5,-1
Tony Snell, MIL,75,27.4,0.578,16.9,6.2,10.1,0.5,7.5,4,8.49,-61.7,-2.1
JR Smith, CLE,80,28.1,0.534,16.8,9.6,13.3,1.5,10.1,5.9,8.48,-67.7,-2.3
PJ Tucker, HOU,82,27.8,0.537,12.5,12,9.9,4.6,17.8,11.3,8.36,-72.8,-2.4
Quincy Acy, BKN,70,19.4,0.525,11.2,11.8,13.6,3.1,17.1,10,8.23,-46.1,-1.5
Sindarius Thornwell, LAC,73,15.8,0.519,17.3,13.5,11.8,3.2,10,6.7,8.22,-39.4,-1.3
Jameer Nelson, NO/DET,50,20.3,0.489,35.9,13.4,13.8,1.4,9.5,5.6,8.16,-43.1,-1.4
Joe Johnson, HOU/UTAH,55,21.9,0.49,16.2,9.6,13.8,1.3,14.7,8.1,8.12,-42.7,-1.4
Jason Terry, MIL,51,16,0.525,24.4,10.3,10.1,0.7,6.2,3.5,8.1,-29.2,-1
Wesley Iwundu, ORL,62,16.5,0.48,17.5,9.2,11.2,3.9,11,7.4,7.83,-40.7,-1.4
Kobi Simmons, MEM,32,20.1,0.49,21.8,14.1,17,2.5,6.6,4.5,7.73,-31.4,-1
Jerryd Bayless, PHI,39,23.7,0.546,14.2,12.1,14.6,1.8,7.3,4.7,7.58,-47.2,-1.6
Zach Collins, POR,66,15.8,0.475,12.5,13.9,14.7,4.7,18.2,11.5,7.56,-47.4,-1.6
Brandon Paul, SA,64,9,0.504,17.5,13.7,13.3,1.1,12,6.5,7.48,-26,-0.9
Terrance Ferguson, OKC,61,12.5,0.545,9.3,5.4,10,2.7,4.2,3.4,7.43,-35,-1.2
Patrick McCaw, GS,57,16.9,0.477,22.4,11.3,12.5,2,7.2,4.8,7.42,-44.1,-1.5
Jawun Evans, LAC,48,16.2,0.421,23.9,10.5,17.8,1.3,10.4,5.9,7.23,-43.8,-1.5
Dragan Bender, PHX,82,25.2,0.524,17.4,15,12.4,2,16.8,9.3,7.11,-135.7,-4.5
Frank Ntilikina, NY,78,21.9,0.437,27.4,14.4,17.5,2.4,9.1,5.8,7.11,-99.1,-3.3
Timothe Luwawu-Cabarrot, PHI,52,15.5,0.511,14,9.9,16.8,1.9,7.5,4.8,7.08,-41.2,-1.4
Lance Thomas, NY,73,18.5,0.513,11.7,10.9,10.3,3.6,10.7,7.2,6.33,-84.3,-2.8
DeAndre Liggins, NO/MIL,58,12.5,0.467,27.2,11.4,8.7,1.1,10.6,5.9,5.97,-49,-1.6
Arron Afflalo, ORL,53,12.9,0.516,13.4,9.4,11.9,0.6,10.1,5.3,5.85,-47.4,-1.6
Dwayne Bacon, CHA,53,13.5,0.431,14.4,8.7,13.3,0.6,18.5,9.4,5.84,-49.6,-1.7
Josh Huestis, OKC,69,14.2,0.417,8.4,11,9.1,4.6,13.9,9.1,5.39,-74.8,-2.5
Paul Zipser, CHI,54,15.2,0.445,13.8,12.9,14.6,1.6,16,8.5,5.24,-64.6,-2.2
Abdel Nader, BOS,48,10.9,0.439,11.5,15,16.2,2.8,12,7.4,5.14,-41.8,-1.4
Semi Ojeleye, BOS,73,15.8,0.473,8,10,8.4,3.6,11.6,7.7,4.57,-119,-4
Sean Kilpatrick, CHI/LAC/MIL/BKN,52,12.3,0.507,11.2,9.3,25.5,0,0,0,0,-100.3,-3.3
